R1_back,R2_back,trait_back,R1_supp,R2_supp,L1,L2,Meff
0.078125,0.165,0.010684811970956559,0.15625,0.49,0.9684192299192392,0.0,1.0
0.078125,0.165,0.010684811970956559,0.3125,0.49,0.7896772100486902,0.0,1.0
0.078125,0.165,0.010684811970956559,0.625,0.49,0.3384330900208672,0.0,1.0
0.078125,0.165,0.010684811970956559,1.25,0.49,0.15793544200973803,0.0,1.0
0.078125,0.165,0.010684811970956559,2.5,0.49,0.07642037516600228,0.0,1.0
0.078125,0.165,0.010684811970956559,5.0,0.49,0.037603676668985245,0.0,1.0
0.078125,0.165,0.010684811970956559,10.0,0.49,0.018653792363354887,0.0,1.0
0.078125,0.165,0.010684811970956559,20.0,0.49,0.009290320118219885,0.0,1.0
0.078125,0.165,0.010684811970956559,40.0,0.49,0.00463606972631325,0.0,1.0
0.078125,0.165,0.010684811970956559,0.15625,1.48,0.9684192299192392,0.0,1.0
0.078125,0.165,0.010684811970956559,0.3125,1.48,0.7896772100486902,0.0,1.0
0.078125,0.165,0.010684811970956559,0.625,1.48,0.3384330900208672,0.0,1.0
0.078125,0.165,0.010684811970956559,1.25,1.48,0.15793544200973803,0.0,1.0
0.078125,0.165,0.010684811970956559,2.5,1.48,0.07642037516600228,0.0,1.0
0.078125,0.165,0.010684811970956559,5.0,1.48,0.037603676668985245,0.0,1.0
0.078125,0.165,0.010684811970956559,10.0,1.48,0.018653792363354887,0.0,1.0
0.078125,0.165,0.010684811970956559,20.0,1.48,0.009290320118219885,0.0,1.0
0.078125,0.165,0.010684811970956559,40.0,1.48,0.00463606972631325,0.0,1.0
0.078125,0.165,0.010684811970956559,0.15625,4.44,0.9684192299192392,0.0,1.0
0.078125,0.165,0.010684811970956559,0.3125,4.44,0.7896772100486902,0.0,1.0
0.078125,0.165,0.010684811970956559,0.625,4.44,0.3384330900208672,0.0,1.0
0.078125,0.165,0.010684811970956559,1.25,4.44,0.15793544200973803,0.0,1.0
0.078125,0.165,0.010684811970956559,2.5,4.44,0.07642037516600228,0.0,1.0
0.078125,0.165,0.010684811970956559,5.0,4.44,0.037603676668985245,0.0,1.0
0.078125,0.165,0.010684811970956559,10.0,4.44,0.018653792363354887,0.0,1.0
0.078125,0.165,0.010684811970956559,20.0,4.44,0.009290320118219885,0.0,1.0
0.078125,0.165,0.010684811970956559,40.0,4.44,0.00463606972631325,0.0,1.0
0.078125,0.165,0.010684811970956559,0.15625,13.33,0.9684192299192392,0.0,1.0
0.078125,0.165,0.010684811970956559,0.3125,13.33,0.7896772100486902,0.0,1.0
0.078125,0.165,0.010684811970956559,0.625,13.33,0.3384330900208672,0.0,1.0
0.078125,0.165,0.010684811970956559,1.25,13.33,0.15793544200973803,0.0,1.0
0.078125,0.165,0.010684811970956559,2.5,13.33,0.07642037516600228,0.0,1.0
0.078125,0.165,0.010684811970956559,5.0,13.33,0.037603676668985245,0.0,1.0
0.078125,0.165,0.010684811970956559,10.0,13.33,0.018653792363354887,0.0,1.0
0.078125,0.165,0.010684811970956559,20.0,13.33,0.009290320118219885,0.0,1.0
0.078125,0.165,0.010684811970956559,40.0,13.33,0.00463606972631325,0.0,1.0
0.078125,0.165,0.010684811970956559,0.15625,40.0,0.9684192299192392,0.0,1.0
0.078125,0.165,0.010684811970956559,0.3125,40.0,0.7896772100486902,0.0,1.0
0.078125,0.165,0.010684811970956559,0.625,40.0,0.3384330900208672,0.0,1.0
0.078125,0.165,0.010684811970956559,1.25,40.0,0.15793544200973803,0.0,1.0
0.078125,0.165,0.010684811970956559,2.5,40.0,0.07642037516600228,0.0,1.0
0.078125,0.165,0.010684811970956559,5.0,40.0,0.037603676668985245,0.0,1.0
0.078125,0.165,0.010684811970956559,10.0,40.0,0.018653792363354887,0.0,1.0
0.078125,0.165,0.010684811970956559,20.0,40.0,0.009290320118219885,0.0,1.0
0.078125,0.165,0.010684811970956559,40.0,40.0,0.00463606972631325,0.0,1.0
0.15625,0.165,0.021032189351702178,0.3125,0.49,0.7115417178099283,0.0,1.0
0.15625,0.165,0.021032189351702178,0.625,0.49,0.2371805726033094,0.0,1.0
0.15625,0.165,0.021032189351702178,1.25,0.49,0.10164881682998975,0.0,1.0
0.15625,0.165,0.021032189351702178,2.5,0.49,0.04743611452066188,0.0,1.0
0.15625,0.165,0.021032189351702178,5.0,0.49,0.022952958639029943,0.0,1.0
0.15625,0.165,0.021032189351702178,10.0,0.49,0.011294312981109972,0.0,1.0
0.15625,0.165,0.021032189351702178,20.0,0.49,0.005602690691416758,0.0,1.0
0.15625,0.165,0.021032189351702178,40.0,0.49,0.0027903596776859933,0.0,1.0
0.15625,0.165,0.021032189351702178,0.3125,1.48,0.7115417178099283,0.0,1.0
0.15625,0.165,0.021032189351702178,0.625,1.48,0.2371805726033094,0.0,1.0
0.15625,0.165,0.021032189351702178,1.25,1.48,0.10164881682998975,0.0,1.0
0.15625,0.165,0.021032189351702178,2.5,1.48,0.04743611452066188,0.0,1.0
0.15625,0.165,0.021032189351702178,5.0,1.48,0.022952958639029943,0.0,1.0
0.15625,0.165,0.021032189351702178,10.0,1.48,0.011294312981109972,0.0,1.0
0.15625,0.165,0.021032189351702178,20.0,1.48,0.005602690691416758,0.0,1.0
0.15625,0.165,0.021032189351702178,40.0,1.48,0.0027903596776859933,0.0,1.0
0.15625,0.165,0.021032189351702178,0.3125,4.44,0.7115417178099283,0.0,1.0
0.15625,0.165,0.021032189351702178,0.625,4.44,0.2371805726033094,0.0,1.0
0.15625,0.165,0.021032189351702178,1.25,4.44,0.10164881682998975,0.0,1.0
0.15625,0.165,0.021032189351702178,2.5,4.44,0.04743611452066188,0.0,1.0
0.15625,0.165,0.021032189351702178,5.0,4.44,0.022952958639029943,0.0,1.0
0.15625,0.165,0.021032189351702178,10.0,4.44,0.011294312981109972,0.0,1.0
0.15625,0.165,0.021032189351702178,20.0,4.44,0.005602690691416758,0.0,1.0
0.15625,0.165,0.021032189351702178,40.0,4.44,0.0027903596776859933,0.0,1.0
0.15625,0.165,0.021032189351702178,0.3125,13.33,0.7115417178099283,0.0,1.0
0.15625,0.165,0.021032189351702178,0.625,13.33,0.2371805726033094,0.0,1.0
0.15625,0.165,0.021032189351702178,1.25,13.33,0.10164881682998975,0.0,1.0
0.15625,0.165,0.021032189351702178,2.5,13.33,0.04743611452066188,0.0,1.0
0.15625,0.165,0.021032189351702178,5.0,13.33,0.022952958639029943,0.0,1.0
0.15625,0.165,0.021032189351702178,10.0,13.33,0.011294312981109972,0.0,1.0
0.15625,0.165,0.021032189351702178,20.0,13.33,0.005602690691416758,0.0,1.0
0.15625,0.165,0.021032189351702178,40.0,13.33,0.0027903596776859933,0.0,1.0
0.15625,0.165,0.021032189351702178,0.3125,40.0,0.7115417178099283,0.0,1.0
0.15625,0.165,0.021032189351702178,0.625,40.0,0.2371805726033094,0.0,1.0
0.15625,0.165,0.021032189351702178,1.25,40.0,0.10164881682998975,0.0,1.0
0.15625,0.165,0.021032189351702178,2.5,40.0,0.04743611452066188,0.0,1.0
0.15625,0.165,0.021032189351702178,5.0,40.0,0.022952958639029943,0.0,1.0
0.15625,0.165,0.021032189351702178,10.0,40.0,0.011294312981109972,0.0,1.0
0.15625,0.165,0.021032189351702178,20.0,40.0,0.005602690691416758,0.0,1.0
0.15625,0.165,0.021032189351702178,40.0,40.0,0.0027903596776859933,0.0,1.0
0.3125,0.165,0.035997469492316025,0.625,0.49,0.0,0.06740303673111708,1.0
0.3125,0.165,0.035997469492316025,1.25,0.49,0.0,0.06740303673111708,1.0
0.3125,0.165,0.035997469492316025,2.5,0.49,0.0,0.06740303673111708,1.0
0.3125,0.165,0.035997469492316025,5.0,0.49,0.0,0.06740303673111708,1.0
0.3125,0.165,0.035997469492316025,10.0,0.49,0.0,0.06740303673111708,1.0
0.3125,0.165,0.035997469492316025,20.0,0.49,0.0,0.06740303673111708,1.0
0.3125,0.165,0.035997469492316025,40.0,0.49,0.0,0.06740303673111708,1.0
0.3125,0.165,0.035997469492316025,0.625,1.48,0.0,0.016658545199705742,1.0
0.3125,0.165,0.035997469492316025,1.25,1.48,0.0,0.016658545199705742,1.0
0.3125,0.165,0.035997469492316025,2.5,1.48,0.0,0.016658545199705742,1.0
0.3125,0.165,0.035997469492316025,5.0,1.48,0.0,0.016658545199705742,1.0
0.3125,0.165,0.035997469492316025,10.0,1.48,0.0,0.016658545199705742,1.0
0.3125,0.165,0.035997469492316025,20.0,1.48,0.0,0.016658545199705742,1.0
0.3125,0.165,0.035997469492316025,40.0,1.48,0.0,0.016658545199705742,1.0
0.3125,0.165,0.035997469492316025,0.625,4.44,0.0,0.005124207470786678,1.0
0.3125,0.165,0.035997469492316025,1.25,4.44,0.0,0.005124207470786678,1.0
0.3125,0.165,0.035997469492316025,2.5,4.44,0.0,0.005124207470786678,1.0
0.3125,0.165,0.035997469492316025,5.0,4.44,0.0,0.005124207470786678,1.0
0.3125,0.165,0.035997469492316025,10.0,4.44,0.0,0.005124207470786678,1.0
0.3125,0.165,0.035997469492316025,20.0,4.44,0.0,0.005124207470786678,1.0
0.3125,0.165,0.035997469492316025,40.0,4.44,0.0,0.005124207470786678,1.0
0.3125,0.165,0.035997469492316025,0.625,13.33,0.0,0.001663956470764379,1.0
0.3125,0.165,0.035997469492316025,1.25,13.33,0.0,0.001663956470764379,1.0
0.3125,0.165,0.035997469492316025,2.5,13.33,0.0,0.001663956470764379,1.0
0.3125,0.165,0.035997469492316025,5.0,13.33,0.0,0.001663956470764379,1.0
0.3125,0.165,0.035997469492316025,10.0,13.33,0.0,0.001663956470764379,1.0
0.3125,0.165,0.035997469492316025,20.0,13.33,0.0,0.001663956470764379,1.0
0.3125,0.165,0.035997469492316025,40.0,13.33,0.0,0.001663956470764379,1.0
0.3125,0.165,0.035997469492316025,0.625,40.0,0.0,0.0005499180855431918,1.0
0.3125,0.165,0.035997469492316025,1.25,40.0,0.0,0.0005499180855431918,1.0
0.3125,0.165,0.035997469492316025,2.5,40.0,0.0,0.0005499180855431918,1.0
0.3125,0.165,0.035997469492316025,5.0,40.0,0.0,0.0005499180855431918,1.0
0.3125,0.165,0.035997469492316025,10.0,40.0,0.0,0.0005499180855431918,1.0
0.3125,0.165,0.035997469492316025,20.0,40.0,0.0,0.0005499180855431918,1.0
0.3125,0.165,0.035997469492316025,40.0,40.0,0.0,0.0005499180855431918,1.0
0.625,0.165,0.035997469492316025,1.25,0.49,0.0,0.5761377274122649,1.0
0.625,0.165,0.035997469492316025,2.5,0.49,0.0,0.5761377274122649,1.0
0.625,0.165,0.035997469492316025,5.0,0.49,0.0,0.5761377274122649,1.0
0.625,0.165,0.035997469492316025,10.0,0.49,0.0,0.5761377274122649,1.0
0.625,0.165,0.035997469492316025,20.0,0.49,0.0,0.5761377274122649,1.0
0.625,0.165,0.035997469492316025,40.0,0.49,0.0,0.5761377274122649,1.0
0.625,0.165,0.035997469492316025,1.25,1.48,0.0,0.14239145354295518,1.0
0.625,0.165,0.035997469492316025,2.5,1.48,0.0,0.14239145354295518,1.0
0.625,0.165,0.035997469492316025,5.0,1.48,0.0,0.14239145354295518,1.0
0.625,0.165,0.035997469492316025,10.0,1.48,0.0,0.14239145354295518,1.0
0.625,0.165,0.035997469492316025,20.0,1.48,0.0,0.14239145354295518,1.0
0.625,0.165,0.035997469492316025,40.0,1.48,0.0,0.14239145354295518,1.0
0.625,0.165,0.035997469492316025,1.25,4.44,0.0,0.0437999441892365,1.0
0.625,0.165,0.035997469492316025,2.5,4.44,0.0,0.0437999441892365,1.0
0.625,0.165,0.035997469492316025,5.0,4.44,0.0,0.0437999441892365,1.0
0.625,0.165,0.035997469492316025,10.0,4.44,0.0,0.0437999441892365,1.0
0.625,0.165,0.035997469492316025,20.0,4.44,0.0,0.0437999441892365,1.0
0.625,0.165,0.035997469492316025,40.0,4.44,0.0,0.0437999441892365,1.0
0.625,0.165,0.035997469492316025,1.25,13.33,0.0,0.014222921489478622,1.0
0.625,0.165,0.035997469492316025,2.5,13.33,0.0,0.014222921489478622,1.0
0.625,0.165,0.035997469492316025,5.0,13.33,0.0,0.014222921489478622,1.0
0.625,0.165,0.035997469492316025,10.0,13.33,0.0,0.014222921489478622,1.0
0.625,0.165,0.035997469492316025,20.0,13.33,0.0,0.014222921489478622,1.0
0.625,0.165,0.035997469492316025,40.0,13.33,0.0,0.014222921489478622,1.0
0.625,0.165,0.035997469492316025,1.25,40.0,0.0,0.004700508633337167,1.0
0.625,0.165,0.035997469492316025,2.5,40.0,0.0,0.004700508633337167,1.0
0.625,0.165,0.035997469492316025,5.0,40.0,0.0,0.004700508633337167,1.0
0.625,0.165,0.035997469492316025,10.0,40.0,0.0,0.004700508633337167,1.0
0.625,0.165,0.035997469492316025,20.0,40.0,0.0,0.004700508633337167,1.0
0.625,0.165,0.035997469492316025,40.0,40.0,0.0,0.004700508633337167,1.0
1.25,0.165,0.035997469492316025,2.5,0.49,0.0,0.8549277341414488,1.0
1.25,0.165,0.035997469492316025,5.0,0.49,0.0,0.8549277341414488,1.0
1.25,0.165,0.035997469492316025,10.0,0.49,0.0,0.8549277341414488,1.0
1.25,0.165,0.035997469492316025,20.0,0.49,0.0,0.8549277341414488,1.0
1.25,0.165,0.035997469492316025,40.0,0.49,0.0,0.8549277341414488,1.0
1.25,0.165,0.035997469492316025,2.5,1.48,0.0,0.3548348679831485,1.0
1.25,0.165,0.035997469492316025,5.0,1.48,0.0,0.3548348679831485,1.0
1.25,0.165,0.035997469492316025,10.0,1.48,0.0,0.3548348679831485,1.0
1.25,0.165,0.035997469492316025,20.0,1.48,0.0,0.3548348679831485,1.0
1.25,0.165,0.035997469492316025,40.0,1.48,0.0,0.3548348679831485,1.0
1.25,0.165,0.035997469492316025,2.5,4.44,0.0,0.10914803541469947,1.0
1.25,0.165,0.035997469492316025,5.0,4.44,0.0,0.10914803541469947,1.0
1.25,0.165,0.035997469492316025,10.0,4.44,0.0,0.10914803541469947,1.0
1.25,0.165,0.035997469492316025,20.0,4.44,0.0,0.10914803541469947,1.0
1.25,0.165,0.035997469492316025,40.0,4.44,0.0,0.10914803541469947,1.0
1.25,0.165,0.035997469492316025,2.5,13.33,0.0,0.03544305745521004,1.0
1.25,0.165,0.035997469492316025,5.0,13.33,0.0,0.03544305745521004,1.0
1.25,0.165,0.035997469492316025,10.0,13.33,0.0,0.03544305745521004,1.0
1.25,0.165,0.035997469492316025,20.0,13.33,0.0,0.03544305745521004,1.0
1.25,0.165,0.035997469492316025,40.0,13.33,0.0,0.03544305745521004,1.0
1.25,0.165,0.035997469492316025,2.5,40.0,0.0,0.011713514532392125,1.0
1.25,0.165,0.035997469492316025,5.0,40.0,0.0,0.011713514532392125,1.0
1.25,0.165,0.035997469492316025,10.0,40.0,0.0,0.011713514532392125,1.0
1.25,0.165,0.035997469492316025,20.0,40.0,0.0,0.011713514532392125,1.0
1.25,0.165,0.035997469492316025,40.0,40.0,0.0,0.011713514532392125,1.0
2.5,0.165,0.035997469492316025,5.0,0.49,0.0,0.8549277341414488,1.0
2.5,0.165,0.035997469492316025,10.0,0.49,0.0,0.8549277341414488,1.0
2.5,0.165,0.035997469492316025,20.0,0.49,0.0,0.8549277341414488,1.0
2.5,0.165,0.035997469492316025,40.0,0.49,0.0,0.8549277341414488,1.0
2.5,0.165,0.035997469492316025,5.0,1.48,0.0,0.6611432237825657,1.0
2.5,0.165,0.035997469492316025,10.0,1.48,0.0,0.6611432237825657,1.0
2.5,0.165,0.035997469492316025,20.0,1.48,0.0,0.6611432237825657,1.0
2.5,0.165,0.035997469492316025,40.0,1.48,0.0,0.6611432237825657,1.0
2.5,0.165,0.035997469492316025,5.0,4.44,0.0,0.20623531182137536,1.0
2.5,0.165,0.035997469492316025,10.0,4.44,0.0,0.20623531182137536,1.0
2.5,0.165,0.035997469492316025,20.0,4.44,0.0,0.20623531182137536,1.0
2.5,0.165,0.035997469492316025,40.0,4.44,0.0,0.20623531182137536,1.0
2.5,0.165,0.035997469492316025,5.0,13.33,0.0,0.06696968917860842,1.0
2.5,0.165,0.035997469492316025,10.0,13.33,0.0,0.06696968917860842,1.0
2.5,0.165,0.035997469492316025,20.0,13.33,0.0,0.06696968917860842,1.0
2.5,0.165,0.035997469492316025,40.0,13.33,0.0,0.06696968917860842,1.0
2.5,0.165,0.035997469492316025,5.0,40.0,0.0,0.02213269632324287,1.0
2.5,0.165,0.035997469492316025,10.0,40.0,0.0,0.02213269632324287,1.0
2.5,0.165,0.035997469492316025,20.0,40.0,0.0,0.02213269632324287,1.0
2.5,0.165,0.035997469492316025,40.0,40.0,0.0,0.02213269632324287,1.0
5.0,0.165,0.035997469492316025,10.0,0.49,0.0,0.8549277341414488,1.0
5.0,0.165,0.035997469492316025,20.0,0.49,0.0,0.8549277341414488,1.0
5.0,0.165,0.035997469492316025,40.0,0.49,0.0,0.8549277341414488,1.0
5.0,0.165,0.035997469492316025,10.0,1.48,0.0,0.6611432237825657,1.0
5.0,0.165,0.035997469492316025,20.0,1.48,0.0,0.6611432237825657,1.0
5.0,0.165,0.035997469492316025,40.0,1.48,0.0,0.6611432237825657,1.0
5.0,0.165,0.035997469492316025,10.0,4.44,0.0,0.32604297337432336,1.0
5.0,0.165,0.035997469492316025,20.0,4.44,0.0,0.32604297337432336,1.0
5.0,0.165,0.035997469492316025,40.0,4.44,0.0,0.32604297337432336,1.0
5.0,0.165,0.035997469492316025,10.0,13.33,0.0,0.10587418998672483,1.0
5.0,0.165,0.035997469492316025,20.0,13.33,0.0,0.10587418998672483,1.0
5.0,0.165,0.035997469492316025,40.0,13.33,0.0,0.10587418998672483,1.0
5.0,0.165,0.035997469492316025,10.0,40.0,0.0,0.03499017726058071,1.0
5.0,0.165,0.035997469492316025,20.0,40.0,0.0,0.03499017726058071,1.0
5.0,0.165,0.035997469492316025,40.0,40.0,0.0,0.03499017726058071,1.0
10.0,0.165,0.035997469492316025,20.0,0.49,0.0,0.8549277341414488,1.0
10.0,0.165,0.035997469492316025,40.0,0.49,0.0,0.8549277341414488,1.0
10.0,0.165,0.035997469492316025,20.0,1.48,0.0,0.6611432237825657,1.0
10.0,0.165,0.035997469492316025,40.0,1.48,0.0,0.6611432237825657,1.0
10.0,0.165,0.035997469492316025,20.0,4.44,0.0,0.3940739602556394,1.0
10.0,0.165,0.035997469492316025,40.0,4.44,0.0,0.3940739602556394,1.0
10.0,0.165,0.035997469492316025,20.0,13.33,0.0,0.14422997838079987,1.0
10.0,0.165,0.035997469492316025,40.0,13.33,0.0,0.14422997838079987,1.0
10.0,0.165,0.035997469492316025,20.0,40.0,0.0,0.04766631518471772,1.0
10.0,0.165,0.035997469492316025,40.0,40.0,0.0,0.04766631518471772,1.0
20.0,0.165,0.035997469492316025,40.0,0.49,0.0,0.8549277341414488,1.0
20.0,0.165,0.035997469492316025,40.0,1.48,0.0,0.6611432237825657,1.0
20.0,0.165,0.035997469492316025,40.0,4.44,0.0,0.3940739602556394,1.0
20.0,0.165,0.035997469492316025,40.0,13.33,0.0,0.17452729339407597,1.0
20.0,0.165,0.035997469492316025,40.0,40.0,0.0,0.05767922223002411,1.0
0.078125,0.49,0.010684811970956559,0.15625,1.48,0.9684192299192392,0.0,1.0
0.078125,0.49,0.010684811970956559,0.3125,1.48,0.9387720845585588,0.0,1.0
0.078125,0.49,0.010684811970956559,0.625,1.48,0.8846093010737057,0.0,1.0
0.078125,0.49,0.010684811970956559,1.25,1.48,0.5361538411163185,0.0,1.0
0.078125,0.49,0.010684811970956559,2.5,1.48,0.259429277959509,0.0,1.0
0.078125,0.49,0.010684811970956559,5.0,1.48,0.1276556764562663,0.0,1.0
0.078125,0.49,0.010684811970956559,10.0,1.48,0.06332525682476203,0.0,1.0
0.078125,0.49,0.010684811970956559,20.0,1.48,0.031538461242136384,0.0,1.0
0.078125,0.49,0.010684811970956559,40.0,1.48,0.01573837106995064,0.0,1.0
0.078125,0.49,0.010684811970956559,0.15625,4.44,0.9684192299192392,0.0,1.0
0.078125,0.49,0.010684811970956559,0.3125,4.44,0.9387720845585588,0.0,1.0
0.078125,0.49,0.010684811970956559,0.625,4.44,0.8846093010737057,0.0,1.0
0.078125,0.49,0.010684811970956559,1.25,4.44,0.5361538411163185,0.0,1.0
0.078125,0.49,0.010684811970956559,2.5,4.44,0.259429277959509,0.0,1.0
0.078125,0.49,0.010684811970956559,5.0,4.44,0.1276556764562663,0.0,1.0
0.078125,0.49,0.010684811970956559,10.0,4.44,0.06332525682476203,0.0,1.0
0.078125,0.49,0.010684811970956559,20.0,4.44,0.031538461242136384,0.0,1.0
0.078125,0.49,0.010684811970956559,40.0,4.44,0.01573837106995064,0.0,1.0
0.078125,0.49,0.010684811970956559,0.15625,13.33,0.9684192299192392,0.0,1.0
0.078125,0.49,0.010684811970956559,0.3125,13.33,0.9387720845585588,0.0,1.0
0.078125,0.49,0.010684811970956559,0.625,13.33,0.8846093010737057,0.0,1.0
0.078125,0.49,0.010684811970956559,1.25,13.33,0.5361538411163185,0.0,1.0
0.078125,0.49,0.010684811970956559,2.5,13.33,0.259429277959509,0.0,1.0
0.078125,0.49,0.010684811970956559,5.0,13.33,0.1276556764562663,0.0,1.0
0.078125,0.49,0.010684811970956559,10.0,13.33,0.06332525682476203,0.0,1.0
0.078125,0.49,0.010684811970956559,20.0,13.33,0.031538461242136384,0.0,1.0
0.078125,0.49,0.010684811970956559,40.0,13.33,0.01573837106995064,0.0,1.0
0.078125,0.49,0.010684811970956559,0.15625,40.0,0.9684192299192392,0.0,1.0
0.078125,0.49,0.010684811970956559,0.3125,40.0,0.9387720845585588,0.0,1.0
0.078125,0.49,0.010684811970956559,0.625,40.0,0.8846093010737057,0.0,1.0
0.078125,0.49,0.010684811970956559,1.25,40.0,0.5361538411163185,0.0,1.0
0.078125,0.49,0.010684811970956559,2.5,40.0,0.259429277959509,0.0,1.0
0.078125,0.49,0.010684811970956559,5.0,40.0,0.1276556764562663,0.0,1.0
0.078125,0.49,0.010684811970956559,10.0,40.0,0.06332525682476203,0.0,1.0
0.078125,0.49,0.010684811970956559,20.0,40.0,0.031538461242136384,0.0,1.0
0.078125,0.49,0.010684811970956559,40.0,40.0,0.01573837106995064,0.0,1.0
0.15625,0.49,0.021032189351702178,0.3125,1.48,0.9387720845585591,0.0,1.0
0.15625,0.49,0.021032189351702178,0.625,1.48,0.8846093010737058,0.0,1.0
0.15625,0.49,0.021032189351702178,1.25,1.48,0.5133842773288093,0.0,1.0
0.15625,0.49,0.021032189351702178,2.5,1.48,0.23957932942011098,0.0,1.0
0.15625,0.49,0.021032189351702178,5.0,1.48,0.11592548197747306,0.0,1.0
0.15625,0.49,0.021032189351702178,10.0,1.48,0.0570426974809788,0.0,1.0
0.15625,0.49,0.021032189351702178,20.0,1.48,0.02829677119135169,0.0,1.0
0.15625,0.49,0.021032189351702178,40.0,1.48,0.014092901730594763,0.0,1.0
0.15625,0.49,0.021032189351702178,0.3125,4.44,0.9387720845585591,0.0,1.0
0.15625,0.49,0.021032189351702178,0.625,4.44,0.8846093010737058,0.0,1.0
0.15625,0.49,0.021032189351702178,1.25,4.44,0.5133842773288093,0.0,1.0
0.15625,0.49,0.021032189351702178,2.5,4.44,0.23957932942011098,0.0,1.0
0.15625,0.49,0.021032189351702178,5.0,4.44,0.11592548197747306,0.0,1.0
0.15625,0.49,0.021032189351702178,10.0,4.44,0.0570426974809788,0.0,1.0
0.15625,0.49,0.021032189351702178,20.0,4.44,0.02829677119135169,0.0,1.0
0.15625,0.49,0.021032189351702178,40.0,4.44,0.014092901730594763,0.0,1.0
0.15625,0.49,0.021032189351702178,0.3125,13.33,0.9387720845585591,0.0,1.0
0.15625,0.49,0.021032189351702178,0.625,13.33,0.8846093010737058,0.0,1.0
0.15625,0.49,0.021032189351702178,1.25,13.33,0.5133842773288093,0.0,1.0
0.15625,0.49,0.021032189351702178,2.5,13.33,0.23957932942011098,0.0,1.0
0.15625,0.49,0.021032189351702178,5.0,13.33,0.11592548197747306,0.0,1.0
0.15625,0.49,0.021032189351702178,10.0,13.33,0.0570426974809788,0.0,1.0
0.15625,0.49,0.021032189351702178,20.0,13.33,0.02829677119135169,0.0,1.0
0.15625,0.49,0.021032189351702178,40.0,13.33,0.014092901730594763,0.0,1.0
0.15625,0.49,0.021032189351702178,0.3125,40.0,0.9387720845585591,0.0,1.0
0.15625,0.49,0.021032189351702178,0.625,40.0,0.8846093010737058,0.0,1.0
0.15625,0.49,0.021032189351702178,1.25,40.0,0.5133842773288093,0.0,1.0
0.15625,0.49,0.021032189351702178,2.5,40.0,0.23957932942011098,0.0,1.0
0.15625,0.49,0.021032189351702178,5.0,40.0,0.11592548197747306,0.0,1.0
0.15625,0.49,0.021032189351702178,10.0,40.0,0.0570426974809788,0.0,1.0
0.15625,0.49,0.021032189351702178,20.0,40.0,0.02829677119135169,0.0,1.0
0.15625,0.49,0.021032189351702178,40.0,40.0,0.014092901730594763,0.0,1.0
0.3125,0.49,0.04077662159222996,0.625,1.48,0.8846093010737054,0.0,1.0
0.3125,0.49,0.04077662159222996,1.25,1.48,0.4564603678600359,0.0,1.0
0.3125,0.49,0.04077662159222996,2.5,1.48,0.19562587194001538,0.0,1.0
0.3125,0.49,0.04077662159222996,5.0,1.48,0.09129207357200717,0.0,1.0
0.3125,0.49,0.04077662159222996,10.0,1.48,0.04417358398645509,0.0,1.0
0.3125,0.49,0.04077662159222996,20.0,1.48,0.021736207993335043,0.0,1.0
0.3125,0.49,0.04077662159222996,40.0,1.48,0.010782528374646518,0.0,1.0
0.3125,0.49,0.04077662159222996,0.625,4.44,0.8846093010737054,0.0,1.0
0.3125,0.49,0.04077662159222996,1.25,4.44,0.4564603678600359,0.0,1.0
0.3125,0.49,0.04077662159222996,2.5,4.44,0.19562587194001538,0.0,1.0
0.3125,0.49,0.04077662159222996,5.0,4.44,0.09129207357200717,0.0,1.0
0.3125,0.49,0.04077662159222996,10.0,4.44,0.04417358398645509,0.0,1.0
0.3125,0.49,0.04077662159222996,20.0,4.44,0.021736207993335043,0.0,1.0
0.3125,0.49,0.04077662159222996,40.0,4.44,0.010782528374646518,0.0,1.0
0.3125,0.49,0.04077662159222996,0.625,13.33,0.8846093010737054,0.0,1.0
0.3125,0.49,0.04077662159222996,1.25,13.33,0.4564603678600359,0.0,1.0
0.3125,0.49,0.04077662159222996,2.5,13.33,0.19562587194001538,0.0,1.0
0.3125,0.49,0.04077662159222996,5.0,13.33,0.09129207357200717,0.0,1.0
0.3125,0.49,0.04077662159222996,10.0,13.33,0.04417358398645509,0.0,1.0
0.3125,0.49,0.04077662159222996,20.0,13.33,0.021736207993335043,0.0,1.0
0.3125,0.49,0.04077662159222996,40.0,13.33,0.010782528374646518,0.0,1.0
0.3125,0.49,0.04077662159222996,0.625,40.0,0.8846093010737054,0.0,1.0
0.3125,0.49,0.04077662159222996,1.25,40.0,0.4564603678600359,0.0,1.0
0.3125,0.49,0.04077662159222996,2.5,40.0,0.19562587194001538,0.0,1.0
0.3125,0.49,0.04077662159222996,5.0,40.0,0.09129207357200717,0.0,1.0
0.3125,0.49,0.04077662159222996,10.0,40.0,0.04417358398645509,0.0,1.0
0.3125,0.49,0.04077662159222996,20.0,40.0,0.021736207993335043,0.0,1.0
0.3125,0.49,0.04077662159222996,40.0,40.0,0.010782528374646518,0.0,1.0
0.625,0.49,0.07684800031907947,1.25,1.48,0.2572266847193296,0.0,1.0
0.625,0.49,0.07684800031907947,2.5,1.48,0.08574222823977652,0.0,1.0
0.625,0.49,0.07684800031907947,5.0,1.48,0.036746669245618514,0.0,1.0
0.625,0.49,0.07684800031907947,10.0,1.48,0.017148445647955306,0.0,1.0
0.625,0.49,0.07684800031907947,20.0,1.48,0.008297634990946115,0.0,1.0
0.625,0.49,0.07684800031907947,40.0,1.48,0.004082963249513168,0.0,1.0
0.625,0.49,0.07684800031907947,1.25,4.44,0.2572266847193296,0.0,1.0
0.625,0.49,0.07684800031907947,2.5,4.44,0.08574222823977652,0.0,1.0
0.625,0.49,0.07684800031907947,5.0,4.44,0.036746669245618514,0.0,1.0
0.625,0.49,0.07684800031907947,10.0,4.44,0.017148445647955306,0.0,1.0
0.625,0.49,0.07684800031907947,20.0,4.44,0.008297634990946115,0.0,1.0
0.625,0.49,0.07684800031907947,40.0,4.44,0.004082963249513168,0.0,1.0
0.625,0.49,0.07684800031907947,1.25,13.33,0.2572266847193296,0.0,1.0
0.625,0.49,0.07684800031907947,2.5,13.33,0.08574222823977652,0.0,1.0
0.625,0.49,0.07684800031907947,5.0,13.33,0.036746669245618514,0.0,1.0
0.625,0.49,0.07684800031907947,10.0,13.33,0.017148445647955306,0.0,1.0
0.625,0.49,0.07684800031907947,20.0,13.33,0.008297634990946115,0.0,1.0
0.625,0.49,0.07684800031907947,40.0,13.33,0.004082963249513168,0.0,1.0
0.625,0.49,0.07684800031907947,1.25,40.0,0.2572266847193296,0.0,1.0
0.625,0.49,0.07684800031907947,2.5,40.0,0.08574222823977652,0.0,1.0
0.625,0.49,0.07684800031907947,5.0,40.0,0.036746669245618514,0.0,1.0
0.625,0.49,0.07684800031907947,10.0,40.0,0.017148445647955306,0.0,1.0
0.625,0.49,0.07684800031907947,20.0,40.0,0.008297634990946115,0.0,1.0
0.625,0.49,0.07684800031907947,40.0,40.0,0.004082963249513168,0.0,1.0
1.25,0.49,0.09661535666846627,2.5,1.48,0.0,0.21096202947335155,1.0
1.25,0.49,0.09661535666846627,5.0,1.48,0.0,0.21096202947335155,1.0
1.25,0.49,0.09661535666846627,10.0,1.48,0.0,0.21096202947335155,1.0
1.25,0.49,0.09661535666846627,20.0,1.48,0.0,0.21096202947335155,1.0
1.25,0.49,0.09661535666846627,40.0,1.48,0.0,0.21096202947335155,1.0
1.25,0.49,0.09661535666846627,2.5,4.44,0.0,0.05287402764015645,1.0
1.25,0.49,0.09661535666846627,5.0,4.44,0.0,0.05287402764015645,1.0
1.25,0.49,0.09661535666846627,10.0,4.44,0.0,0.05287402764015645,1.0
1.25,0.49,0.09661535666846627,20.0,4.44,0.0,0.05287402764015645,1.0
1.25,0.49,0.09661535666846627,40.0,4.44,0.0,0.05287402764015645,1.0
1.25,0.49,0.09661535666846627,2.5,13.33,0.0,0.01626576395472103,1.0
1.25,0.49,0.09661535666846627,5.0,13.33,0.0,0.01626576395472103,1.0
1.25,0.49,0.09661535666846627,10.0,13.33,0.0,0.01626576395472103,1.0
1.25,0.49,0.09661535666846627,20.0,13.33,0.0,0.01626576395472103,1.0
1.25,0.49,0.09661535666846627,40.0,13.33,0.0,0.01626576395472103,1.0
1.25,0.49,0.09661535666846627,2.5,40.0,0.0,0.00528606451983341,1.0
1.25,0.49,0.09661535666846627,5.0,40.0,0.0,0.00528606451983341,1.0
1.25,0.49,0.09661535666846627,10.0,40.0,0.0,0.00528606451983341,1.0
1.25,0.49,0.09661535666846627,20.0,40.0,0.0,0.00528606451983341,1.0
1.25,0.49,0.09661535666846627,40.0,40.0,0.0,0.00528606451983341,1.0
2.5,0.49,0.09661535666846627,5.0,1.48,0.0,0.6611432237825655,1.0
2.5,0.49,0.09661535666846627,10.0,1.48,0.0,0.6611432237825655,1.0
2.5,0.49,0.09661535666846627,20.0,1.48,0.0,0.6611432237825655,1.0
2.5,0.49,0.09661535666846627,40.0,1.48,0.0,0.6611432237825655,1.0
2.5,0.49,0.09661535666846627,5.0,4.44,0.0,0.16913642877571927,1.0
2.5,0.49,0.09661535666846627,10.0,4.44,0.0,0.16913642877571927,1.0
2.5,0.49,0.09661535666846627,20.0,4.44,0.0,0.16913642877571927,1.0
2.5,0.49,0.09661535666846627,40.0,4.44,0.0,0.16913642877571927,1.0
2.5,0.49,0.09661535666846627,5.0,13.33,0.0,0.052031845300941675,1.0
2.5,0.49,0.09661535666846627,10.0,13.33,0.0,0.052031845300941675,1.0
2.5,0.49,0.09661535666846627,20.0,13.33,0.0,0.052031845300941675,1.0
2.5,0.49,0.09661535666846627,40.0,13.33,0.0,0.052031845300941675,1.0
2.5,0.49,0.09661535666846627,5.0,40.0,0.0,0.016909362026425998,1.0
2.5,0.49,0.09661535666846627,10.0,40.0,0.0,0.016909362026425998,1.0
2.5,0.49,0.09661535666846627,20.0,40.0,0.0,0.016909362026425998,1.0
2.5,0.49,0.09661535666846627,40.0,40.0,0.0,0.016909362026425998,1.0
5.0,0.49,0.09661535666846627,10.0,1.48,0.0,0.6611432237825655,1.0
5.0,0.49,0.09661535666846627,20.0,1.48,0.0,0.6611432237825655,1.0
5.0,0.49,0.09661535666846627,40.0,1.48,0.0,0.6611432237825655,1.0
5.0,0.49,0.09661535666846627,10.0,4.44,0.0,0.3126065818392034,1.0
5.0,0.49,0.09661535666846627,20.0,4.44,0.0,0.3126065818392034,1.0
5.0,0.49,0.09661535666846627,40.0,4.44,0.0,0.3126065818392034,1.0
5.0,0.49,0.09661535666846627,10.0,13.33,0.0,0.09616791263744967,1.0
5.0,0.49,0.09661535666846627,20.0,13.33,0.0,0.09616791263744967,1.0
5.0,0.49,0.09661535666846627,40.0,13.33,0.0,0.09616791263744967,1.0
5.0,0.49,0.09661535666846627,10.0,40.0,0.0,0.031252746096301035,1.0
5.0,0.49,0.09661535666846627,20.0,40.0,0.0,0.031252746096301035,1.0
5.0,0.49,0.09661535666846627,40.0,40.0,0.0,0.031252746096301035,1.0
10.0,0.49,0.09661535666846627,20.0,1.48,0.0,0.6611432237825655,1.0
10.0,0.49,0.09661535666846627,40.0,1.48,0.0,0.6611432237825655,1.0
10.0,0.49,0.09661535666846627,20.0,4.44,0.0,0.39407396025563934,1.0
10.0,0.49,0.09661535666846627,40.0,4.44,0.0,0.39407396025563934,1.0
10.0,0.49,0.09661535666846627,20.0,13.33,0.0,0.1396814810971836,1.0
10.0,0.49,0.09661535666846627,40.0,13.33,0.0,0.1396814810971836,1.0
10.0,0.49,0.09661535666846627,20.0,40.0,0.0,0.04539382984783187,1.0
10.0,0.49,0.09661535666846627,40.0,40.0,0.0,0.04539382984783187,1.0
20.0,0.49,0.09661535666846627,40.0,1.48,0.0,0.6611432237825655,1.0
20.0,0.49,0.09661535666846627,40.0,4.44,0.0,0.39407396025563934,1.0
20.0,0.49,0.09661535666846627,40.0,13.33,0.0,0.17405293704097438,1.0
20.0,0.49,0.09661535666846627,40.0,40.0,0.0,0.056563900572161756,1.0
0.078125,1.48,0.010684811970956559,0.15625,4.44,0.9684192299192392,0.0,1.0
0.078125,1.48,0.010684811970956559,0.3125,4.44,0.9387720845585588,0.0,1.0
0.078125,1.48,0.010684811970956559,0.625,4.44,0.8846093010737057,0.0,1.0
0.078125,1.48,0.010684811970956559,1.25,4.44,0.7930936683668375,0.0,1.0
0.078125,1.48,0.010684811970956559,2.5,4.44,0.6490591531462506,0.0,1.0
0.078125,1.48,0.010684811970956559,5.0,4.44,0.31937831345291695,0.0,1.0
0.078125,1.48,0.010684811970956559,10.0,4.44,0.15843176179160445,0.0,1.0
0.078125,1.48,0.010684811970956559,20.0,4.44,0.07890523038248537,0.0,1.0
0.078125,1.48,0.010684811970956559,40.0,4.44,0.03937540850789387,0.0,1.0
0.078125,1.48,0.010684811970956559,0.15625,13.33,0.9684192299192392,0.0,1.0
0.078125,1.48,0.010684811970956559,0.3125,13.33,0.9387720845585588,0.0,1.0
0.078125,1.48,0.010684811970956559,0.625,13.33,0.8846093010737057,0.0,1.0
0.078125,1.48,0.010684811970956559,1.25,13.33,0.7930936683668375,0.0,1.0
0.078125,1.48,0.010684811970956559,2.5,13.33,0.6490591531462506,0.0,1.0
0.078125,1.48,0.010684811970956559,5.0,13.33,0.31937831345291695,0.0,1.0
0.078125,1.48,0.010684811970956559,10.0,13.33,0.15843176179160445,0.0,1.0
0.078125,1.48,0.010684811970956559,20.0,13.33,0.07890523038248537,0.0,1.0
0.078125,1.48,0.010684811970956559,40.0,13.33,0.03937540850789387,0.0,1.0
0.078125,1.48,0.010684811970956559,0.15625,40.0,0.9684192299192392,0.0,1.0
0.078125,1.48,0.010684811970956559,0.3125,40.0,0.9387720845585588,0.0,1.0
0.078125,1.48,0.010684811970956559,0.625,40.0,0.8846093010737057,0.0,1.0
0.078125,1.48,0.010684811970956559,1.25,40.0,0.7930936683668375,0.0,1.0
0.078125,1.48,0.010684811970956559,2.5,40.0,0.6490591531462506,0.0,1.0
0.078125,1.48,0.010684811970956559,5.0,40.0,0.31937831345291695,0.0,1.0
0.078125,1.48,0.010684811970956559,10.0,40.0,0.15843176179160445,0.0,1.0
0.078125,1.48,0.010684811970956559,20.0,40.0,0.07890523038248537,0.0,1.0
0.078125,1.48,0.010684811970956559,40.0,40.0,0.03937540850789387,0.0,1.0
0.15625,1.48,0.021032189351702178,0.3125,4.44,0.9387720845585591,0.0,1.0
0.15625,1.48,0.021032189351702178,0.625,4.44,0.8846093010737058,0.0,1.0
0.15625,1.48,0.021032189351702178,1.25,4.44,0.7930936683668375,0.0,1.0
0.15625,1.48,0.021032189351702178,2.5,4.44,0.6486563507917068,0.0,1.0
0.15625,1.48,0.021032189351702178,5.0,4.44,0.31386597618953554,0.0,1.0
0.15625,1.48,0.021032189351702178,10.0,4.44,0.15444198828373973,0.0,1.0
0.15625,1.48,0.021032189351702178,20.0,4.44,0.07661295481791813,0.0,1.0
0.15625,1.48,0.021032189351702178,40.0,4.44,0.03815625592892393,0.0,1.0
0.15625,1.48,0.021032189351702178,0.3125,13.33,0.9387720845585591,0.0,1.0
0.15625,1.48,0.021032189351702178,0.625,13.33,0.8846093010737058,0.0,1.0
0.15625,1.48,0.021032189351702178,1.25,13.33,0.7930936683668375,0.0,1.0
0.15625,1.48,0.021032189351702178,2.5,13.33,0.6486563507917068,0.0,1.0
0.15625,1.48,0.021032189351702178,5.0,13.33,0.31386597618953554,0.0,1.0
0.15625,1.48,0.021032189351702178,10.0,13.33,0.15444198828373973,0.0,1.0
0.15625,1.48,0.021032189351702178,20.0,13.33,0.07661295481791813,0.0,1.0
0.15625,1.48,0.021032189351702178,40.0,13.33,0.03815625592892393,0.0,1.0
0.15625,1.48,0.021032189351702178,0.3125,40.0,0.9387720845585591,0.0,1.0
0.15625,1.48,0.021032189351702178,0.625,40.0,0.8846093010737058,0.0,1.0
0.15625,1.48,0.021032189351702178,1.25,40.0,0.7930936683668375,0.0,1.0
0.15625,1.48,0.021032189351702178,2.5,40.0,0.6486563507917068,0.0,1.0
0.15625,1.48,0.021032189351702178,5.0,40.0,0.31386597618953554,0.0,1.0
0.15625,1.48,0.021032189351702178,10.0,40.0,0.15444198828373973,0.0,1.0
0.15625,1.48,0.021032189351702178,20.0,40.0,0.07661295481791813,0.0,1.0
0.15625,1.48,0.021032189351702178,40.0,40.0,0.03815625592892393,0.0,1.0
0.3125,1.48,0.04077662159222996,0.625,4.44,0.8846093010737054,0.0,1.0
0.3125,1.48,0.04077662159222996,1.25,4.44,0.7930936683668374,0.0,1.0
0.3125,1.48,0.04077662159222996,2.5,4.44,0.6477644312923596,0.0,1.0
0.3125,1.48,0.04077662159222996,5.0,4.44,0.3022900679364345,0.0,1.0
0.3125,1.48,0.04077662159222996,10.0,4.44,0.14626938771117798,0.0,1.0
0.3125,1.48,0.04077662159222996,20.0,4.44,0.07197382569915106,0.0,1.0
0.3125,1.48,0.04077662159222996,40.0,4.44,0.03570355133107494,0.0,1.0
0.3125,1.48,0.04077662159222996,0.625,13.33,0.8846093010737054,0.0,1.0
0.3125,1.48,0.04077662159222996,1.25,13.33,0.7930936683668374,0.0,1.0
0.3125,1.48,0.04077662159222996,2.5,13.33,0.6477644312923596,0.0,1.0
0.3125,1.48,0.04077662159222996,5.0,13.33,0.3022900679364345,0.0,1.0
0.3125,1.48,0.04077662159222996,10.0,13.33,0.14626938771117798,0.0,1.0
0.3125,1.48,0.04077662159222996,20.0,13.33,0.07197382569915106,0.0,1.0
0.3125,1.48,0.04077662159222996,40.0,13.33,0.03570355133107494,0.0,1.0
0.3125,1.48,0.04077662159222996,0.625,40.0,0.8846093010737054,0.0,1.0
0.3125,1.48,0.04077662159222996,1.25,40.0,0.7930936683668374,0.0,1.0
0.3125,1.48,0.04077662159222996,2.5,40.0,0.6477644312923596,0.0,1.0
0.3125,1.48,0.04077662159222996,5.0,40.0,0.3022900679364345,0.0,1.0
0.3125,1.48,0.04077662159222996,10.0,40.0,0.14626938771117798,0.0,1.0
0.3125,1.48,0.04077662159222996,20.0,40.0,0.07197382569915106,0.0,1.0
0.3125,1.48,0.04077662159222996,40.0,40.0,0.03570355133107494,0.0,1.0
0.625,1.48,0.07684800031907947,1.25,4.44,0.7930936683668373,0.0,1.0
0.625,1.48,0.07684800031907947,2.5,4.44,0.6455346325439918,0.0,1.0
0.625,1.48,0.07684800031907947,5.0,4.44,0.2766576996617108,0.0,1.0
0.625,1.48,0.07684800031907947,10.0,4.44,0.12910692650879838,0.0,1.0
0.625,1.48,0.07684800031907947,20.0,4.44,0.06247109347199921,0.0,1.0
0.625,1.48,0.07684800031907947,40.0,4.44,0.030739744406856753,0.0,1.0
0.625,1.48,0.07684800031907947,1.25,13.33,0.7930936683668373,0.0,1.0
0.625,1.48,0.07684800031907947,2.5,13.33,0.6455346325439918,0.0,1.0
0.625,1.48,0.07684800031907947,5.0,13.33,0.2766576996617108,0.0,1.0
0.625,1.48,0.07684800031907947,10.0,13.33,0.12910692650879838,0.0,1.0
0.625,1.48,0.07684800031907947,20.0,13.33,0.06247109347199921,0.0,1.0
0.625,1.48,0.07684800031907947,40.0,13.33,0.030739744406856753,0.0,1.0
0.625,1.48,0.07684800031907947,1.25,40.0,0.7930936683668373,0.0,1.0
0.625,1.48,0.07684800031907947,2.5,40.0,0.6455346325439918,0.0,1.0
0.625,1.48,0.07684800031907947,5.0,40.0,0.2766576996617108,0.0,1.0
0.625,1.48,0.07684800031907947,10.0,40.0,0.12910692650879838,0.0,1.0
0.625,1.48,0.07684800031907947,20.0,40.0,0.06247109347199921,0.0,1.0
0.625,1.48,0.07684800031907947,40.0,40.0,0.030739744406856753,0.0,1.0
1.25,1.48,0.1377956627987941,2.5,4.44,0.637730336924705,0.0,1.0
1.25,1.48,0.1377956627987941,5.0,4.44,0.21257677897490165,0.0,1.0
1.25,1.48,0.1377956627987941,10.0,4.44,0.09110433384638641,0.0,1.0
1.25,1.48,0.1377956627987941,20.0,4.44,0.04251535579498033,0.0,1.0
1.25,1.48,0.1377956627987941,40.0,4.44,0.020571946352409838,0.0,1.0
1.25,1.48,0.1377956627987941,2.5,13.33,0.637730336924705,0.0,1.0
1.25,1.48,0.1377956627987941,5.0,13.33,0.21257677897490165,0.0,1.0
1.25,1.48,0.1377956627987941,10.0,13.33,0.09110433384638641,0.0,1.0
1.25,1.48,0.1377956627987941,20.0,13.33,0.04251535579498033,0.0,1.0
1.25,1.48,0.1377956627987941,40.0,13.33,0.020571946352409838,0.0,1.0
1.25,1.48,0.1377956627987941,2.5,40.0,0.637730336924705,0.0,1.0
1.25,1.48,0.1377956627987941,5.0,40.0,0.21257677897490165,0.0,1.0
1.25,1.48,0.1377956627987941,10.0,40.0,0.09110433384638641,0.0,1.0
1.25,1.48,0.1377956627987941,20.0,40.0,0.04251535579498033,0.0,1.0
1.25,1.48,0.1377956627987941,40.0,40.0,0.020571946352409838,0.0,1.0
2.5,1.48,0.2256721372622321,5.0,4.44,0.0,0.005922553754952352,1.0
2.5,1.48,0.2256721372622321,10.0,4.44,0.0,0.005922553754952352,1.0
2.5,1.48,0.2256721372622321,20.0,4.44,0.0,0.005922553754952352,1.0
2.5,1.48,0.2256721372622321,40.0,4.44,0.0,0.005922553754952352,1.0
2.5,1.48,0.2256721372622321,5.0,13.33,0.0,0.0014793889548235415,1.0
2.5,1.48,0.2256721372622321,10.0,13.33,0.0,0.0014793889548235415,1.0
2.5,1.48,0.2256721372622321,20.0,13.33,0.0,0.0014793889548235415,1.0
2.5,1.48,0.2256721372622321,40.0,13.33,0.0,0.0014793889548235415,1.0
2.5,1.48,0.2256721372622321,5.0,40.0,0.0,0.00045510797286238224,1.0
2.5,1.48,0.2256721372622321,10.0,40.0,0.0,0.00045510797286238224,1.0
2.5,1.48,0.2256721372622321,20.0,40.0,0.0,0.00045510797286238224,1.0
2.5,1.48,0.2256721372622321,40.0,40.0,0.0,0.00045510797286238224,1.0
5.0,1.48,0.2256721372622321,10.0,4.44,0.0,0.2534941410133085,1.0
5.0,1.48,0.2256721372622321,20.0,4.44,0.0,0.2534941410133085,1.0
5.0,1.48,0.2256721372622321,40.0,4.44,0.0,0.2534941410133085,1.0
5.0,1.48,0.2256721372622321,10.0,13.33,0.0,0.06332005547674205,1.0
5.0,1.48,0.2256721372622321,20.0,13.33,0.0,0.06332005547674205,1.0
5.0,1.48,0.2256721372622321,40.0,13.33,0.0,0.06332005547674205,1.0
5.0,1.48,0.2256721372622321,10.0,40.0,0.0,0.019479300555539803,1.0
5.0,1.48,0.2256721372622321,20.0,40.0,0.0,0.019479300555539803,1.0
5.0,1.48,0.2256721372622321,40.0,40.0,0.0,0.019479300555539803,1.0
10.0,1.48,0.2256721372622321,20.0,4.44,0.0,0.39407396025563957,1.0
10.0,1.48,0.2256721372622321,40.0,4.44,0.0,0.39407396025563957,1.0
10.0,1.48,0.2256721372622321,20.0,13.33,0.0,0.12428851593745105,1.0
10.0,1.48,0.2256721372622321,40.0,13.33,0.0,0.12428851593745105,1.0
10.0,1.48,0.2256721372622321,20.0,40.0,0.0,0.03823517429539965,1.0
10.0,1.48,0.2256721372622321,40.0,40.0,0.0,0.03823517429539965,1.0
20.0,1.48,0.2256721372622321,40.0,4.44,0.0,0.39407396025563957,1.0
20.0,1.48,0.2256721372622321,40.0,13.33,0.0,0.17244762646007314,1.0
20.0,1.48,0.2256721372622321,40.0,40.0,0.0,0.05305047698732779,1.0
0.078125,4.44,0.010684811970956559,0.15625,13.33,0.9684192299192392,0.0,1.0
0.078125,4.44,0.010684811970956559,0.3125,13.33,0.9387720845585588,0.0,1.0
0.078125,4.44,0.010684811970956559,0.625,13.33,0.8846093010737057,0.0,1.0
0.078125,4.44,0.010684811970956559,1.25,13.33,0.7930936683668375,0.0,1.0
0.078125,4.44,0.010684811970956559,2.5,13.33,0.6571294288378107,0.0,1.0
0.078125,4.44,0.010684811970956559,5.0,13.33,0.48934680895501126,0.0,1.0
0.078125,4.44,0.010684811970956559,10.0,13.33,0.28950531452848,0.0,1.0
0.078125,4.44,0.010684811970956559,20.0,13.33,0.14418499978477237,0.0,1.0
0.078125,4.44,0.010684811970956559,40.0,13.33,0.07195141867928954,0.0,1.0
0.078125,4.44,0.010684811970956559,0.15625,40.0,0.9684192299192392,0.0,1.0
0.078125,4.44,0.010684811970956559,0.3125,40.0,0.9387720845585588,0.0,1.0
0.078125,4.44,0.010684811970956559,0.625,40.0,0.8846093010737057,0.0,1.0
0.078125,4.44,0.010684811970956559,1.25,40.0,0.7930936683668375,0.0,1.0
0.078125,4.44,0.010684811970956559,2.5,40.0,0.6571294288378107,0.0,1.0
0.078125,4.44,0.010684811970956559,5.0,40.0,0.48934680895501126,0.0,1.0
0.078125,4.44,0.010684811970956559,10.0,40.0,0.28950531452848,0.0,1.0
0.078125,4.44,0.010684811970956559,20.0,40.0,0.14418499978477237,0.0,1.0
0.078125,4.44,0.010684811970956559,40.0,40.0,0.07195141867928954,0.0,1.0
0.15625,4.44,0.021032189351702178,0.3125,13.33,0.9387720845585591,0.0,1.0
0.15625,4.44,0.021032189351702178,0.625,13.33,0.8846093010737058,0.0,1.0
0.15625,4.44,0.021032189351702178,1.25,13.33,0.7930936683668375,0.0,1.0
0.15625,4.44,0.021032189351702178,2.5,13.33,0.6571294288378107,0.0,1.0
0.15625,4.44,0.021032189351702178,5.0,13.33,0.4893468089550113,0.0,1.0
0.15625,4.44,0.021032189351702178,10.0,13.33,0.2886754046417565,0.0,1.0
0.15625,4.44,0.021032189351702178,20.0,13.33,0.14320118497976897,0.0,1.0
0.15625,4.44,0.021032189351702178,40.0,13.33,0.07131980585266924,0.0,1.0
0.15625,4.44,0.021032189351702178,0.3125,40.0,0.9387720845585591,0.0,1.0
0.15625,4.44,0.021032189351702178,0.625,40.0,0.8846093010737058,0.0,1.0
0.15625,4.44,0.021032189351702178,1.25,40.0,0.7930936683668375,0.0,1.0
0.15625,4.44,0.021032189351702178,2.5,40.0,0.6571294288378107,0.0,1.0
0.15625,4.44,0.021032189351702178,5.0,40.0,0.4893468089550113,0.0,1.0
0.15625,4.44,0.021032189351702178,10.0,40.0,0.2886754046417565,0.0,1.0
0.15625,4.44,0.021032189351702178,20.0,40.0,0.14320118497976897,0.0,1.0
0.15625,4.44,0.021032189351702178,40.0,40.0,0.07131980585266924,0.0,1.0
0.3125,4.44,0.04077662159222996,0.625,13.33,0.8846093010737054,0.0,1.0
0.3125,4.44,0.04077662159222996,1.25,13.33,0.7930936683668374,0.0,1.0
0.3125,4.44,0.04077662159222996,2.5,13.33,0.6571294288378106,0.0,1.0
0.3125,4.44,0.04077662159222996,5.0,13.33,0.4893468089550112,0.0,1.0
0.3125,4.44,0.04077662159222996,10.0,13.33,0.2869754279383067,0.0,1.0
0.3125,4.44,0.04077662159222996,20.0,13.33,0.14121013120773823,0.0,1.0
0.3125,4.44,0.04077662159222996,40.0,13.33,0.07004912020541346,0.0,1.0
0.3125,4.44,0.04077662159222996,0.625,40.0,0.8846093010737054,0.0,1.0
0.3125,4.44,0.04077662159222996,1.25,40.0,0.7930936683668374,0.0,1.0
0.3125,4.44,0.04077662159222996,2.5,40.0,0.6571294288378106,0.0,1.0
0.3125,4.44,0.04077662159222996,5.0,40.0,0.4893468089550112,0.0,1.0
0.3125,4.44,0.04077662159222996,10.0,40.0,0.2869754279383067,0.0,1.0
0.3125,4.44,0.04077662159222996,20.0,40.0,0.14121013120773823,0.0,1.0
0.3125,4.44,0.04077662159222996,40.0,40.0,0.07004912020541346,0.0,1.0
0.625,4.44,0.07684800031907947,1.25,13.33,0.7930936683668373,0.0,1.0
0.625,4.44,0.07684800031907947,2.5,13.33,0.6571294288378106,0.0,1.0
0.625,4.44,0.07684800031907947,5.0,13.33,0.4893468089550112,0.0,1.0
0.625,4.44,0.07684800031907947,10.0,13.33,0.2834054768610623,0.0,1.0
0.625,4.44,0.07684800031907947,20.0,13.33,0.13713168235212694,0.0,1.0
0.625,4.44,0.07684800031907947,40.0,13.33,0.06747749449072912,0.0,1.0
0.625,4.44,0.07684800031907947,1.25,40.0,0.7930936683668373,0.0,1.0
0.625,4.44,0.07684800031907947,2.5,40.0,0.6571294288378106,0.0,1.0
0.625,4.44,0.07684800031907947,5.0,40.0,0.4893468089550112,0.0,1.0
0.625,4.44,0.07684800031907947,10.0,40.0,0.2834054768610623,0.0,1.0
0.625,4.44,0.07684800031907947,20.0,40.0,0.13713168235212694,0.0,1.0
0.625,4.44,0.07684800031907947,40.0,40.0,0.06747749449072912,0.0,1.0
1.25,4.44,0.1377956627987941,2.5,13.33,0.6571294288378106,0.0,1.0
1.25,4.44,0.1377956627987941,5.0,13.33,0.48934680895501126,0.0,1.0
1.25,4.44,0.1377956627987941,10.0,13.33,0.2755005851900211,0.0,1.0
1.25,4.44,0.1377956627987941,20.0,13.33,0.1285669397553432,0.0,1.0
1.25,4.44,0.1377956627987941,40.0,13.33,0.06220980955903702,0.0,1.0
1.25,4.44,0.1377956627987941,2.5,40.0,0.6571294288378106,0.0,1.0
1.25,4.44,0.1377956627987941,5.0,40.0,0.48934680895501126,0.0,1.0
1.25,4.44,0.1377956627987941,10.0,40.0,0.2755005851900211,0.0,1.0
1.25,4.44,0.1377956627987941,20.0,40.0,0.1285669397553432,0.0,1.0
1.25,4.44,0.1377956627987941,40.0,40.0,0.06220980955903702,0.0,1.0
2.5,4.44,0.2283452479900932,5.0,13.33,0.4893468089550114,0.0,1.0
2.5,4.44,0.2283452479900932,10.0,13.33,0.2557383560124181,0.0,1.0
2.5,4.44,0.2283452479900932,20.0,13.33,0.10960215257675064,0.0,1.0
2.5,4.44,0.2283452479900932,40.0,13.33,0.05114767120248363,0.0,1.0
2.5,4.44,0.2283452479900932,5.0,40.0,0.4893468089550114,0.0,1.0
2.5,4.44,0.2283452479900932,10.0,40.0,0.2557383560124181,0.0,1.0
2.5,4.44,0.2283452479900932,20.0,40.0,0.10960215257675064,0.0,1.0
2.5,4.44,0.2283452479900932,40.0,40.0,0.05114767120248363,0.0,1.0
5.0,4.44,0.34008526643408604,10.0,13.33,0.18657055389080743,0.0,1.0
5.0,4.44,0.34008526643408604,20.0,13.33,0.062190184630269145,0.0,1.0
5.0,4.44,0.34008526643408604,40.0,13.33,0.026652936270115345,0.0,1.0
5.0,4.44,0.34008526643408604,10.0,40.0,0.18657055389080743,0.0,1.0
5.0,4.44,0.34008526643408604,20.0,40.0,0.062190184630269145,0.0,1.0
5.0,4.44,0.34008526643408604,40.0,40.0,0.026652936270115345,0.0,1.0
10.0,4.44,0.4035351629627963,20.0,13.33,0.0,0.05781600783654741,1.0
10.0,4.44,0.4035351629627963,40.0,13.33,0.0,0.05781600783654741,1.0
10.0,4.44,0.4035351629627963,20.0,40.0,0.0,0.014454001959136853,1.0
10.0,4.44,0.4035351629627963,40.0,40.0,0.0,0.014454001959136853,1.0
20.0,4.44,0.4035351629627963,40.0,13.33,0.0,0.16551530253897592,1.0
20.0,4.44,0.4035351629627963,40.0,40.0,0.0,0.04137882563474398,1.0
0.078125,13.33,0.010684811970956559,0.15625,40.0,0.9684192299192392,0.0,1.0
0.078125,13.33,0.010684811970956559,0.3125,40.0,0.9387720845585588,0.0,1.0
0.078125,13.33,0.010684811970956559,0.625,40.0,0.8846093010737057,0.0,1.0
0.078125,13.33,0.010684811970956559,1.25,40.0,0.7930936683668375,0.0,1.0
0.078125,13.33,0.010684811970956559,2.5,40.0,0.6571294288378107,0.0,1.0
0.078125,13.33,0.010684811970956559,5.0,40.0,0.48934680895501126,0.0,1.0
0.078125,13.33,0.010684811970956559,10.0,40.0,0.3239306095242862,0.0,1.0
0.078125,13.33,0.010684811970956559,20.0,40.0,0.19326801823661127,0.0,1.0
0.078125,13.33,0.010684811970956559,40.0,40.0,0.09830054231472479,0.0,1.0
0.15625,13.33,0.021032189351702178,0.3125,40.0,0.9387720845585591,0.0,1.0
0.15625,13.33,0.021032189351702178,0.625,40.0,0.8846093010737058,0.0,1.0
0.15625,13.33,0.021032189351702178,1.25,40.0,0.7930936683668375,0.0,1.0
0.15625,13.33,0.021032189351702178,2.5,40.0,0.6571294288378107,0.0,1.0
0.15625,13.33,0.021032189351702178,5.0,40.0,0.4893468089550113,0.0,1.0
0.15625,13.33,0.021032189351702178,10.0,40.0,0.3239306095242862,0.0,1.0
0.15625,13.33,0.021032189351702178,20.0,40.0,0.1932680182366113,0.0,1.0
0.15625,13.33,0.021032189351702178,40.0,40.0,0.09814416133798243,0.0,1.0
0.3125,13.33,0.04077662159222996,0.625,40.0,0.8846093010737054,0.0,1.0
0.3125,13.33,0.04077662159222996,1.25,40.0,0.7930936683668374,0.0,1.0
0.3125,13.33,0.04077662159222996,2.5,40.0,0.6571294288378106,0.0,1.0
0.3125,13.33,0.04077662159222996,5.0,40.0,0.4893468089550112,0.0,1.0
0.3125,13.33,0.04077662159222996,10.0,40.0,0.3239306095242862,0.0,1.0
0.3125,13.33,0.04077662159222996,20.0,40.0,0.19326801823661127,0.0,1.0
0.3125,13.33,0.04077662159222996,40.0,40.0,0.0978295523650873,0.0,1.0
0.625,13.33,0.07684800031907947,1.25,40.0,0.7930936683668373,0.0,1.0
0.625,13.33,0.07684800031907947,2.5,40.0,0.6571294288378106,0.0,1.0
0.625,13.33,0.07684800031907947,5.0,40.0,0.4893468089550112,0.0,1.0
0.625,13.33,0.07684800031907947,10.0,40.0,0.3239306095242862,0.0,1.0
0.625,13.33,0.07684800031907947,20.0,40.0,0.19326801823661124,0.0,1.0
0.625,13.33,0.07684800031907947,40.0,40.0,0.09719284372946624,0.0,1.0
1.25,13.33,0.1377956627987941,2.5,40.0,0.6571294288378106,0.0,1.0
1.25,13.33,0.1377956627987941,5.0,40.0,0.48934680895501126,0.0,1.0
1.25,13.33,0.1377956627987941,10.0,40.0,0.32393060952428626,0.0,1.0
1.25,13.33,0.1377956627987941,20.0,40.0,0.19326801823661127,0.0,1.0
1.25,13.33,0.1377956627987941,40.0,40.0,0.09588861797585538,0.0,1.0
2.5,13.33,0.2283452479900932,5.0,40.0,0.4893468089550114,0.0,1.0
2.5,13.33,0.2283452479900932,10.0,40.0,0.32393060952428626,0.0,1.0
2.5,13.33,0.2283452479900932,20.0,40.0,0.1932680182366113,0.0,1.0
2.5,13.33,0.2283452479900932,40.0,40.0,0.09314974389327253,0.0,1.0
5.0,13.33,0.34008526643408604,10.0,40.0,0.3239306095242861,0.0,1.0
5.0,13.33,0.34008526643408604,20.0,40.0,0.19326801823661122,0.0,1.0
5.0,13.33,0.34008526643408604,40.0,40.0,0.08708509413898195,0.0,1.0
10.0,13.33,0.4502492940803088,20.0,40.0,0.19326801823661122,0.0,1.0
10.0,13.33,0.4502492940803088,40.0,40.0,0.07192346975325556,0.0,1.0
20.0,13.33,0.5372680828596432,40.0,40.0,0.01885778440321315,0.0,1.0
